neighborhood_name,start_date,freq
All SF,1968,0.14587006645870065
All SF,1969,0.0017631900176319003
All SF,1970,0.0014241150142411502
All SF,1971,0.0021700800217008
All SF,1972,0.0037298250372982504
All SF,1973,0.0037298250372982504
All SF,1974,0.00400108504001085
All SF,1975,0.0065780550657805505
All SF,1976,0.01200325512003255
All SF,1977,0.007188390071883901
All SF,1978,0.006781500067815
All SF,1979,0.002712600027126
All SF,1980,0.0008137800081378001
All SF,1981,0.00196663501966635
All SF,1982,0.0
All SF,1983,0.0012884850128848501
All SF,1984,0.0069171300691713
All SF,1985,0.006374610063746101
All SF,1986,0.013902075139020751
All SF,1987,0.0273972602739726
All SF,1988,0.0377051403770514
All SF,1989,0.052760070527600705
All SF,1990,0.01688593516885935
All SF,1991,0.0219720602197206
All SF,1992,0.024888105248881052
All SF,1993,0.030720195307201954
All SF,1994,0.0427234504272345
All SF,1995,0.05418418554184186
All SF,1996,0.0697138206971382
All SF,1997,0.08022514580225146
All SF,1998,0.09365251593652515
All SF,1999,0.11738776617387767
All SF,2000,0.13108639631086397
All SF,2001,0.12206700122067002
All SF,2002,0.15705954157059543
All SF,2003,0.17713278177132782
All SF,2004,0.22263664722636647
All SF,2005,0.25640851756408517
All SF,2006,0.3104570731045707
All SF,2007,0.5648989556489895
All SF,2008,0.37366065373660656
All SF,2009,0.4249966092499661
All SF,2010,0.514444595144446
All SF,2011,0.6974772819747728
All SF,2012,0.7814322528143225
All SF,2013,0.8797640037976401
All SF,2014,1.0
All SF,2015,0.9160450291604503
Bayview Hunters Point,1968,0.15010570824524314
Bayview Hunters Point,1969,0.006342494714587738
Bayview Hunters Point,1970,0.008456659619450317
Bayview Hunters Point,1971,0.05496828752642706
Bayview Hunters Point,1972,0.019027484143763214
Bayview Hunters Point,1973,0.02536997885835095
Bayview Hunters Point,1974,0.010570824524312896
Bayview Hunters Point,1975,0.014799154334038054
Bayview Hunters Point,1976,0.016913319238900635
Bayview Hunters Point,1977,0.014799154334038054
Bayview Hunters Point,1978,0.008456659619450317
Bayview Hunters Point,1979,0.03171247357293869
Bayview Hunters Point,1980,0.004228329809725159
Bayview Hunters Point,1981,0.021141649048625793
Bayview Hunters Point,1982,0.0
Bayview Hunters Point,1983,0.016913319238900635
Bayview Hunters Point,1984,0.019027484143763214
Bayview Hunters Point,1985,0.035940803382663845
Bayview Hunters Point,1986,0.023255813953488372
Bayview Hunters Point,1987,0.02959830866807611
Bayview Hunters Point,1988,0.05708245243128964
Bayview Hunters Point,1989,0.052854122621564484
Bayview Hunters Point,1990,0.035940803382663845
Bayview Hunters Point,1991,0.05496828752642706
Bayview Hunters Point,1992,0.02959830866807611
Bayview Hunters Point,1993,0.042283298097251586
Bayview Hunters Point,1994,0.05919661733615222
Bayview Hunters Point,1995,0.05708245243128964
Bayview Hunters Point,1996,0.09513742071881606
Bayview Hunters Point,1997,0.11416490486257928
Bayview Hunters Point,1998,0.09725158562367865
Bayview Hunters Point,1999,0.14587737843551796
Bayview Hunters Point,2000,0.2135306553911205
Bayview Hunters Point,2001,0.18181818181818182
Bayview Hunters Point,2002,0.18181818181818182
Bayview Hunters Point,2003,0.16913319238900634
Bayview Hunters Point,2004,0.23678646934460887
Bayview Hunters Point,2005,0.26004228329809725
Bayview Hunters Point,2006,0.36363636363636365
Bayview Hunters Point,2007,0.5983086680761099
Bayview Hunters Point,2008,0.4439746300211416
Bayview Hunters Point,2009,0.5116279069767442
Bayview Hunters Point,2010,0.6744186046511628
Bayview Hunters Point,2011,0.8752642706131079
Bayview Hunters Point,2012,0.9090909090909091
Bayview Hunters Point,2013,1.0
Bayview Hunters Point,2014,0.8604651162790697
Bayview Hunters Point,2015,0.6215644820295984
Bernal Heights,1968,0.09361702127659574
Bernal Heights,1969,0.0
Bernal Heights,1970,0.00425531914893617
Bernal Heights,1972,0.00425531914893617
Bernal Heights,1973,0.00425531914893617
Bernal Heights,1974,0.00851063829787234
Bernal Heights,1975,0.00851063829787234
Bernal Heights,1976,0.00851063829787234
Bernal Heights,1977,0.02553191489361702
Bernal Heights,1978,0.00851063829787234
Bernal Heights,1979,0.01702127659574468
Bernal Heights,1980,0.02127659574468085
Bernal Heights,1981,0.0
Bernal Heights,1983,0.02127659574468085
Bernal Heights,1984,0.00851063829787234
Bernal Heights,1985,0.01702127659574468
Bernal Heights,1986,0.05106382978723404
Bernal Heights,1987,0.02127659574468085
Bernal Heights,1988,0.06382978723404255
Bernal Heights,1989,0.05106382978723404
Bernal Heights,1990,0.03404255319148936
Bernal Heights,1991,0.05106382978723404
Bernal Heights,1992,0.03829787234042553
Bernal Heights,1993,0.03829787234042553
Bernal Heights,1994,0.15319148936170213
Bernal Heights,1995,0.06382978723404255
Bernal Heights,1996,0.08085106382978724
Bernal Heights,1997,0.059574468085106386
Bernal Heights,1998,0.0851063829787234
Bernal Heights,1999,0.17872340425531916
Bernal Heights,2000,0.16170212765957448
Bernal Heights,2001,0.13617021276595745
Bernal Heights,2002,0.2127659574468085
Bernal Heights,2003,0.25957446808510637
Bernal Heights,2004,0.3148936170212766
Bernal Heights,2005,0.3617021276595745
Bernal Heights,2006,0.41702127659574467
Bernal Heights,2007,0.5574468085106383
Bernal Heights,2008,0.5063829787234042
Bernal Heights,2009,0.48936170212765956
Bernal Heights,2010,0.5914893617021276
Bernal Heights,2011,0.8893617021276595
Bernal Heights,2012,0.9063829787234042
Bernal Heights,2013,0.9276595744680851
Bernal Heights,2014,0.902127659574468
Bernal Heights,2015,1.0
Castro/Upper Market,1968,0.1625
Castro/Upper Market,1969,0.00625
Castro/Upper Market,1970,0.034375
Castro/Upper Market,1971,0.003125
Castro/Upper Market,1972,0.0
Castro/Upper Market,1973,0.0
Castro/Upper Market,1974,0.01875
Castro/Upper Market,1975,0.025
Castro/Upper Market,1976,0.00625
Castro/Upper Market,1977,0.0125
Castro/Upper Market,1978,0.00625
Castro/Upper Market,1979,0.0
Castro/Upper Market,1980,0.015625
Castro/Upper Market,1981,0.003125
Castro/Upper Market,1982,0.003125
Castro/Upper Market,1983,0.0
Castro/Upper Market,1984,0.015625
Castro/Upper Market,1985,0.0
Castro/Upper Market,1986,0.028125
Castro/Upper Market,1987,0.078125
Castro/Upper Market,1988,0.05625
Castro/Upper Market,1989,0.084375
Castro/Upper Market,1990,0.028125
Castro/Upper Market,1991,0.021875
Castro/Upper Market,1992,0.03125
Castro/Upper Market,1993,0.025
Castro/Upper Market,1994,0.03125
Castro/Upper Market,1995,0.0875
Castro/Upper Market,1996,0.096875
Castro/Upper Market,1997,0.11875
Castro/Upper Market,1998,0.10625
Castro/Upper Market,1999,0.128125
Castro/Upper Market,2000,0.14375
Castro/Upper Market,2001,0.165625
Castro/Upper Market,2002,0.23125
Castro/Upper Market,2003,0.209375
Castro/Upper Market,2004,0.240625
Castro/Upper Market,2005,0.303125
Castro/Upper Market,2006,0.359375
Castro/Upper Market,2007,0.78125
Castro/Upper Market,2008,0.440625
Castro/Upper Market,2009,0.6125
Castro/Upper Market,2010,0.584375
Castro/Upper Market,2011,0.865625
Castro/Upper Market,2012,0.81875
Castro/Upper Market,2013,0.896875
Castro/Upper Market,2014,0.896875
Castro/Upper Market,2015,1.0
Chinatown,1968,0.4415954415954416
Chinatown,1969,0.07407407407407407
Chinatown,1970,0.019943019943019943
Chinatown,1971,0.017094017094017096
Chinatown,1972,0.005698005698005698
Chinatown,1973,0.0
Chinatown,1974,0.022792022792022793
Chinatown,1975,0.014245014245014245
Chinatown,1976,0.02849002849002849
Chinatown,1977,0.002849002849002849
Chinatown,1978,0.017094017094017096
Chinatown,1979,0.008547008547008548
Chinatown,1980,0.017094017094017096
Chinatown,1981,0.014245014245014245
Chinatown,1982,0.03418803418803419
Chinatown,1983,0.019943019943019943
Chinatown,1984,0.039886039886039885
Chinatown,1985,0.005698005698005698
Chinatown,1986,0.017094017094017096
Chinatown,1987,0.07122507122507123
Chinatown,1988,0.08831908831908832
Chinatown,1989,0.05413105413105413
Chinatown,1990,0.06267806267806268
Chinatown,1991,0.05698005698005698
Chinatown,1992,0.05698005698005698
Chinatown,1993,0.05413105413105413
Chinatown,1994,0.06552706552706553
Chinatown,1995,0.09116809116809117
Chinatown,1996,0.09971509971509972
Chinatown,1997,0.16524216524216523
Chinatown,1998,0.11965811965811966
Chinatown,1999,0.20512820512820512
Chinatown,2000,0.21082621082621084
Chinatown,2001,0.15384615384615385
Chinatown,2002,0.25925925925925924
Chinatown,2003,0.25925925925925924
Chinatown,2004,0.27635327635327633
Chinatown,2005,0.3247863247863248
Chinatown,2006,0.4074074074074074
Chinatown,2007,0.49572649572649574
Chinatown,2008,0.39886039886039887
Chinatown,2009,0.5641025641025641
Chinatown,2010,0.6894586894586895
Chinatown,2011,0.7407407407407407
Chinatown,2012,0.8888888888888888
Chinatown,2013,1.0
Chinatown,2014,0.8034188034188035
Chinatown,2015,0.45584045584045585
Excelsior,1968,0.10714285714285714
Excelsior,1969,0.015306122448979591
Excelsior,1970,0.0
Excelsior,1971,0.0
Excelsior,1972,0.01020408163265306
Excelsior,1973,0.00510204081632653
Excelsior,1974,0.00510204081632653
Excelsior,1976,0.01020408163265306
Excelsior,1977,0.01020408163265306
Excelsior,1978,0.01020408163265306
Excelsior,1979,0.0
Excelsior,1980,0.015306122448979591
Excelsior,1982,0.0
Excelsior,1983,0.0
Excelsior,1984,0.0
Excelsior,1985,0.01020408163265306
Excelsior,1986,0.015306122448979591
Excelsior,1987,0.02040816326530612
Excelsior,1988,0.07653061224489796
Excelsior,1989,0.061224489795918366
Excelsior,1990,0.05612244897959184
Excelsior,1991,0.04081632653061224
Excelsior,1992,0.04591836734693878
Excelsior,1993,0.0663265306122449
Excelsior,1994,0.08163265306122448
Excelsior,1995,0.0663265306122449
Excelsior,1996,0.12755102040816327
Excelsior,1997,0.08163265306122448
Excelsior,1998,0.1326530612244898
Excelsior,1999,0.09693877551020408
Excelsior,2000,0.10714285714285714
Excelsior,2001,0.15816326530612246
Excelsior,2002,0.1989795918367347
Excelsior,2003,0.22959183673469388
Excelsior,2004,0.2857142857142857
Excelsior,2005,0.29081632653061223
Excelsior,2006,0.37755102040816324
Excelsior,2007,0.9285714285714286
Excelsior,2008,0.5255102040816326
Excelsior,2009,0.5
Excelsior,2010,0.5408163265306123
Excelsior,2011,0.8367346938775511
Excelsior,2012,0.8112244897959183
Excelsior,2013,1.0
Excelsior,2014,0.9438775510204082
Excelsior,2015,0.7806122448979592
Financial District/South Beach,1968,0.07916181606519208
Financial District/South Beach,1969,0.002328288707799767
Financial District/South Beach,1970,0.008149010477299184
Financial District/South Beach,1971,0.005820721769499418
Financial District/South Beach,1972,0.006402793946449359
Financial District/South Beach,1973,0.0
Financial District/South Beach,1974,0.0034924330616996507
Financial District/South Beach,1975,0.004656577415599534
Financial District/South Beach,1976,0.006402793946449359
Financial District/South Beach,1977,0.009313154831199068
Financial District/South Beach,1978,0.006402793946449359
Financial District/South Beach,1979,0.005238649592549476
Financial District/South Beach,1980,0.005820721769499418
Financial District/South Beach,1981,0.005238649592549476
Financial District/South Beach,1982,0.010477299185098952
Financial District/South Beach,1983,0.007566938300349243
Financial District/South Beach,1984,0.00989522700814901
Financial District/South Beach,1985,0.011641443538998836
Financial District/South Beach,1986,0.01979045401629802
Financial District/South Beach,1987,0.02211874272409779
Financial District/South Beach,1988,0.02852153667054715
Financial District/South Beach,1989,0.0320139697322468
Financial District/South Beach,1990,0.016880093131548313
Financial District/South Beach,1991,0.023282887077997673
Financial District/South Beach,1992,0.03317811408614668
Financial District/South Beach,1993,0.03143189755529686
Financial District/South Beach,1994,0.03783469150174622
Financial District/South Beach,1995,0.06286379511059371
Financial District/South Beach,1996,0.07217694994179279
Financial District/South Beach,1997,0.07683352735739232
Financial District/South Beach,1998,0.10128055878928988
Financial District/South Beach,1999,0.12048894062863795
Financial District/South Beach,2000,0.1420256111757858
Financial District/South Beach,2001,0.11641443538998836
Financial District/South Beach,2002,0.1658905704307334
Financial District/South Beach,2003,0.20256111757857975
Financial District/South Beach,2004,0.2351571594877765
Financial District/South Beach,2005,0.3050058207217695
Financial District/South Beach,2006,0.2951105937136205
Financial District/South Beach,2007,0.3917345750873108
Financial District/South Beach,2008,0.43364377182770664
Financial District/South Beach,2009,0.5710128055878929
Financial District/South Beach,2010,0.6763678696158324
Financial District/South Beach,2011,0.8789289871944121
Financial District/South Beach,2012,1.0
Financial District/South Beach,2013,0.9906868451688009
Financial District/South Beach,2014,0.780558789289872
Financial District/South Beach,2015,0.46449359720605354
Glen Park,1968,0.0547945205479452
Glen Park,1969,0.0
Glen Park,1972,0.0
Glen Park,1974,0.0
Glen Park,1975,0.0
Glen Park,1976,0.0
Glen Park,1977,0.0136986301369863
Glen Park,1978,0.0
Glen Park,1979,0.0136986301369863
Glen Park,1980,0.0136986301369863
Glen Park,1981,0.0
Glen Park,1982,0.0
Glen Park,1983,0.0
Glen Park,1984,0.0273972602739726
Glen Park,1985,0.0
Glen Park,1986,0.0136986301369863
Glen Park,1987,0.0547945205479452
Glen Park,1988,0.0136986301369863
Glen Park,1989,0.0958904109589041
Glen Park,1990,0.0
Glen Park,1991,0.0
Glen Park,1992,0.0410958904109589
Glen Park,1993,0.0958904109589041
Glen Park,1994,0.0684931506849315
Glen Park,1995,0.0821917808219178
Glen Park,1996,0.0958904109589041
Glen Park,1997,0.3013698630136986
Glen Park,1998,0.0547945205479452
Glen Park,1999,0.0821917808219178
Glen Park,2000,0.2054794520547945
Glen Park,2001,0.1095890410958904
Glen Park,2002,0.2191780821917808
Glen Park,2003,0.2328767123287671
Glen Park,2004,0.3287671232876712
Glen Park,2005,0.3561643835616438
Glen Park,2006,0.410958904109589
Glen Park,2007,0.6575342465753424
Glen Park,2008,0.4794520547945205
Glen Park,2009,0.547945205479452
Glen Park,2010,0.7945205479452054
Glen Park,2011,0.958904109589041
Glen Park,2012,0.7808219178082192
Glen Park,2013,0.9315068493150684
Glen Park,2014,0.9726027397260274
Glen Park,2015,1.0
Golden Gate Park,1985,0.0
Golden Gate Park,1989,0.0
Golden Gate Park,1992,0.0
Golden Gate Park,1995,0.125
Golden Gate Park,1996,0.0
Golden Gate Park,1998,0.0
Golden Gate Park,2000,0.0
Golden Gate Park,2004,0.375
Golden Gate Park,2005,0.125
Golden Gate Park,2007,0.0
Golden Gate Park,2008,0.125
Golden Gate Park,2009,0.0
Golden Gate Park,2010,0.25
Golden Gate Park,2011,0.375
Golden Gate Park,2012,0.125
Golden Gate Park,2013,1.0
Golden Gate Park,2014,0.5
Golden Gate Park,2015,0.125
Haight Ashbury,1968,0.1935483870967742
Haight Ashbury,1969,0.013824884792626729
Haight Ashbury,1970,0.027649769585253458
Haight Ashbury,1971,0.0
Haight Ashbury,1972,0.004608294930875576
Haight Ashbury,1973,0.018433179723502304
Haight Ashbury,1974,0.018433179723502304
Haight Ashbury,1975,0.027649769585253458
Haight Ashbury,1976,0.041474654377880185
Haight Ashbury,1977,0.05069124423963134
Haight Ashbury,1978,0.04608294930875576
Haight Ashbury,1979,0.0
Haight Ashbury,1980,0.009216589861751152
Haight Ashbury,1981,0.004608294930875576
Haight Ashbury,1982,0.004608294930875576
Haight Ashbury,1983,0.004608294930875576
Haight Ashbury,1984,0.041474654377880185
Haight Ashbury,1985,0.03225806451612903
Haight Ashbury,1986,0.027649769585253458
Haight Ashbury,1987,0.08294930875576037
Haight Ashbury,1988,0.08294930875576037
Haight Ashbury,1989,0.11981566820276497
Haight Ashbury,1990,0.04608294930875576
Haight Ashbury,1991,0.04608294930875576
Haight Ashbury,1992,0.018433179723502304
Haight Ashbury,1993,0.05069124423963134
Haight Ashbury,1994,0.06912442396313365
Haight Ashbury,1995,0.10599078341013825
Haight Ashbury,1996,0.08755760368663594
Haight Ashbury,1997,0.09216589861751152
Haight Ashbury,1998,0.16589861751152074
Haight Ashbury,1999,0.14285714285714285
Haight Ashbury,2000,0.16129032258064516
Haight Ashbury,2001,0.17050691244239632
Haight Ashbury,2002,0.17972350230414746
Haight Ashbury,2003,0.2073732718894009
Haight Ashbury,2004,0.22119815668202766
Haight Ashbury,2005,0.2857142857142857
Haight Ashbury,2006,0.2764976958525346
Haight Ashbury,2007,0.815668202764977
Haight Ashbury,2008,0.3317972350230415
Haight Ashbury,2009,0.5023041474654378
Haight Ashbury,2010,0.631336405529954
Haight Ashbury,2011,0.8571428571428571
Haight Ashbury,2012,0.7235023041474654
Haight Ashbury,2013,1.0
Haight Ashbury,2014,0.9723502304147466
Haight Ashbury,2015,0.6866359447004609
Hayes Valley,1968,0.12460063897763578
Hayes Valley,1969,0.009584664536741214
Hayes Valley,1970,0.003194888178913738
Hayes Valley,1971,0.0
Hayes Valley,1972,0.009584664536741214
Hayes Valley,1973,0.01597444089456869
Hayes Valley,1974,0.019169329073482427
Hayes Valley,1975,0.009584664536741214
Hayes Valley,1976,0.04792332268370607
Hayes Valley,1977,0.025559105431309903
Hayes Valley,1978,0.04792332268370607
Hayes Valley,1979,0.012779552715654952
Hayes Valley,1980,0.01597444089456869
Hayes Valley,1981,0.01597444089456869
Hayes Valley,1982,0.006389776357827476
Hayes Valley,1983,0.009584664536741214
Hayes Valley,1984,0.009584664536741214
Hayes Valley,1985,0.025559105431309903
Hayes Valley,1986,0.04153354632587859
Hayes Valley,1987,0.07667731629392971
Hayes Valley,1988,0.06389776357827476
Hayes Valley,1989,0.11182108626198083
Hayes Valley,1990,0.025559105431309903
Hayes Valley,1991,0.006389776357827476
Hayes Valley,1992,0.054313099041533544
Hayes Valley,1993,0.05750798722044728
Hayes Valley,1994,0.05750798722044728
Hayes Valley,1995,0.03514376996805112
Hayes Valley,1996,0.09584664536741214
Hayes Valley,1997,0.07348242811501597
Hayes Valley,1998,0.08306709265175719
Hayes Valley,1999,0.1501597444089457
Hayes Valley,2000,0.19808306709265175
Hayes Valley,2001,0.05750798722044728
Hayes Valley,2002,0.19488817891373802
Hayes Valley,2003,0.18210862619808307
Hayes Valley,2004,0.2364217252396166
Hayes Valley,2005,0.26517571884984026
Hayes Valley,2006,0.33865814696485624
Hayes Valley,2007,0.5910543130990416
Hayes Valley,2008,0.3865814696485623
Hayes Valley,2009,0.36421725239616615
Hayes Valley,2010,0.6389776357827476
Hayes Valley,2011,0.7891373801916933
Hayes Valley,2012,0.8849840255591054
Hayes Valley,2013,1.0
Hayes Valley,2014,0.8594249201277955
Hayes Valley,2015,0.6645367412140575
Inner Richmond,1968,0.33948339483394835
Inner Richmond,1969,0.04059040590405904
Inner Richmond,1970,0.0
Inner Richmond,1971,0.05166051660516605
Inner Richmond,1972,0.04059040590405904
Inner Richmond,1973,0.04059040590405904
Inner Richmond,1974,0.04428044280442804
Inner Richmond,1975,0.033210332103321034
Inner Richmond,1976,0.055350553505535055
Inner Richmond,1977,0.03690036900369004
Inner Richmond,1978,0.033210332103321034
Inner Richmond,1979,0.04059040590405904
Inner Richmond,1980,0.01107011070110701
Inner Richmond,1981,0.033210332103321034
Inner Richmond,1982,0.01107011070110701
Inner Richmond,1983,0.007380073800738007
Inner Richmond,1984,0.03690036900369004
Inner Richmond,1985,0.0
Inner Richmond,1986,0.033210332103321034
Inner Richmond,1987,0.06273062730627306
Inner Richmond,1988,0.09225092250922509
Inner Richmond,1989,0.12177121771217712
Inner Richmond,1990,0.04059040590405904
Inner Richmond,1991,0.05904059040590406
Inner Richmond,1992,0.05904059040590406
Inner Richmond,1993,0.04797047970479705
Inner Richmond,1994,0.09225092250922509
Inner Richmond,1995,0.08856088560885608
Inner Richmond,1996,0.12546125461254612
Inner Richmond,1997,0.11808118081180811
Inner Richmond,1998,0.12546125461254612
Inner Richmond,1999,0.14760147601476015
Inner Richmond,2000,0.19557195571955718
Inner Richmond,2001,0.16974169741697417
Inner Richmond,2002,0.17712177121771217
Inner Richmond,2003,0.2140221402214022
Inner Richmond,2004,0.25830258302583026
Inner Richmond,2005,0.3173431734317343
Inner Richmond,2006,0.3505535055350554
Inner Richmond,2007,0.7343173431734318
Inner Richmond,2008,0.4132841328413284
Inner Richmond,2009,0.5313653136531366
Inner Richmond,2010,0.5202952029520295
Inner Richmond,2011,0.7822878228782287
Inner Richmond,2012,0.8634686346863468
Inner Richmond,2013,1.0
Inner Richmond,2014,0.8007380073800738
Inner Richmond,2015,0.5350553505535055
Inner Sunset,1968,0.25630252100840334
Inner Sunset,1969,0.008403361344537815
Inner Sunset,1970,0.004201680672268907
Inner Sunset,1971,0.04201680672268908
Inner Sunset,1972,0.046218487394957986
Inner Sunset,1973,0.058823529411764705
Inner Sunset,1974,0.029411764705882353
Inner Sunset,1975,0.046218487394957986
Inner Sunset,1976,0.07142857142857142
Inner Sunset,1977,0.012605042016806723
Inner Sunset,1978,0.07142857142857142
Inner Sunset,1979,0.025210084033613446
Inner Sunset,1980,0.012605042016806723
Inner Sunset,1981,0.0
Inner Sunset,1982,0.012605042016806723
Inner Sunset,1983,0.029411764705882353
Inner Sunset,1984,0.046218487394957986
Inner Sunset,1985,0.025210084033613446
Inner Sunset,1986,0.0546218487394958
Inner Sunset,1987,0.058823529411764705
Inner Sunset,1988,0.07983193277310924
Inner Sunset,1989,0.14285714285714285
Inner Sunset,1990,0.046218487394957986
Inner Sunset,1991,0.025210084033613446
Inner Sunset,1992,0.06302521008403361
Inner Sunset,1993,0.05042016806722689
Inner Sunset,1994,0.13025210084033614
Inner Sunset,1995,0.09663865546218488
Inner Sunset,1996,0.15546218487394958
Inner Sunset,1997,0.1638655462184874
Inner Sunset,1998,0.18487394957983194
Inner Sunset,1999,0.13865546218487396
Inner Sunset,2000,0.21428571428571427
Inner Sunset,2001,0.1638655462184874
Inner Sunset,2002,0.15966386554621848
Inner Sunset,2003,0.25210084033613445
Inner Sunset,2004,0.3025210084033613
Inner Sunset,2005,0.31092436974789917
Inner Sunset,2006,0.42436974789915966
Inner Sunset,2007,0.8949579831932774
Inner Sunset,2008,0.48739495798319327
Inner Sunset,2009,0.5252100840336135
Inner Sunset,2010,0.6680672268907563
Inner Sunset,2011,0.8277310924369747
Inner Sunset,2012,0.8907563025210085
Inner Sunset,2013,1.0
Inner Sunset,2014,0.8739495798319328
Inner Sunset,2015,0.6848739495798319
Japantown,1968,0.14754098360655737
Japantown,1969,0.01639344262295082
Japantown,1970,0.06557377049180328
Japantown,1971,0.0
Japantown,1972,0.0
Japantown,1973,0.03278688524590164
Japantown,1974,0.03278688524590164
Japantown,1975,0.04918032786885246
Japantown,1976,0.04918032786885246
Japantown,1977,0.01639344262295082
Japantown,1978,0.03278688524590164
Japantown,1980,0.01639344262295082
Japantown,1981,0.06557377049180328
Japantown,1982,0.0
Japantown,1983,0.01639344262295082
Japantown,1984,0.03278688524590164
Japantown,1985,0.03278688524590164
Japantown,1986,0.03278688524590164
Japantown,1987,0.01639344262295082
Japantown,1988,0.09836065573770492
Japantown,1989,0.04918032786885246
Japantown,1990,0.04918032786885246
Japantown,1991,0.0
Japantown,1992,0.04918032786885246
Japantown,1993,0.09836065573770492
Japantown,1994,0.04918032786885246
Japantown,1995,0.06557377049180328
Japantown,1996,0.06557377049180328
Japantown,1997,0.04918032786885246
Japantown,1998,0.14754098360655737
Japantown,1999,0.13114754098360656
Japantown,2000,0.26229508196721313
Japantown,2001,0.19672131147540983
Japantown,2002,0.22950819672131148
Japantown,2003,0.19672131147540983
Japantown,2004,0.4426229508196721
Japantown,2005,0.2459016393442623
Japantown,2006,0.4426229508196721
Japantown,2007,0.639344262295082
Japantown,2008,0.36065573770491804
Japantown,2009,0.6229508196721312
Japantown,2010,0.5901639344262295
Japantown,2011,0.6721311475409836
Japantown,2012,0.8688524590163934
Japantown,2013,1.0
Japantown,2014,0.819672131147541
Japantown,2015,0.2786885245901639
Lakeshore,1968,0.07954545454545454
Lakeshore,1970,0.011363636363636364
Lakeshore,1971,0.0
Lakeshore,1973,0.0
Lakeshore,1976,0.0
Lakeshore,1978,0.011363636363636364
Lakeshore,1983,0.0
Lakeshore,1987,0.022727272727272728
Lakeshore,1988,0.06818181818181818
Lakeshore,1989,0.011363636363636364
Lakeshore,1990,0.0
Lakeshore,1991,0.03409090909090909
Lakeshore,1992,0.011363636363636364
Lakeshore,1993,0.011363636363636364
Lakeshore,1994,0.022727272727272728
Lakeshore,1995,0.03409090909090909
Lakeshore,1996,0.045454545454545456
Lakeshore,1997,0.03409090909090909
Lakeshore,1998,0.03409090909090909
Lakeshore,1999,0.03409090909090909
Lakeshore,2000,0.09090909090909091
Lakeshore,2001,0.10227272727272728
Lakeshore,2002,0.09090909090909091
Lakeshore,2003,0.18181818181818182
Lakeshore,2004,0.3181818181818182
Lakeshore,2005,0.2159090909090909
Lakeshore,2006,0.26136363636363635
Lakeshore,2007,0.4090909090909091
Lakeshore,2008,0.29545454545454547
Lakeshore,2009,0.4659090909090909
Lakeshore,2010,0.5340909090909091
Lakeshore,2011,0.7272727272727273
Lakeshore,2012,0.7613636363636364
Lakeshore,2013,1.0
Lakeshore,2014,0.6590909090909091
Lakeshore,2015,0.4318181818181818
Lincoln Park,1969,0.0
Lincoln Park,1985,0.0
Lincoln Park,1986,0.0
Lincoln Park,1996,0.0
Lincoln Park,2000,0.6666666666666666
Lincoln Park,2003,0.3333333333333333
Lincoln Park,2007,0.6666666666666666
Lincoln Park,2010,0.0
Lincoln Park,2012,0.0
Lincoln Park,2013,1.0
Lone Mountain/USF,1968,0.26
Lone Mountain/USF,1969,0.0
Lone Mountain/USF,1970,0.02
Lone Mountain/USF,1971,0.02666666666666667
Lone Mountain/USF,1972,0.013333333333333334
Lone Mountain/USF,1973,0.02
Lone Mountain/USF,1974,0.03333333333333333
Lone Mountain/USF,1975,0.02666666666666667
Lone Mountain/USF,1976,0.05333333333333334
Lone Mountain/USF,1977,0.06666666666666667
Lone Mountain/USF,1978,0.006666666666666667
Lone Mountain/USF,1979,0.02
Lone Mountain/USF,1980,0.02666666666666667
Lone Mountain/USF,1981,0.02666666666666667
Lone Mountain/USF,1982,0.006666666666666667
Lone Mountain/USF,1983,0.006666666666666667
Lone Mountain/USF,1984,0.02
Lone Mountain/USF,1985,0.02666666666666667
Lone Mountain/USF,1986,0.03333333333333333
Lone Mountain/USF,1987,0.06
Lone Mountain/USF,1988,0.02
Lone Mountain/USF,1989,0.24666666666666667
Lone Mountain/USF,1990,0.02
Lone Mountain/USF,1991,0.04
Lone Mountain/USF,1992,0.02
Lone Mountain/USF,1993,0.04
Lone Mountain/USF,1994,0.07333333333333333
Lone Mountain/USF,1995,0.08666666666666667
Lone Mountain/USF,1996,0.05333333333333334
Lone Mountain/USF,1997,0.06
Lone Mountain/USF,1998,0.1
Lone Mountain/USF,1999,0.13333333333333333
Lone Mountain/USF,2000,0.14
Lone Mountain/USF,2001,0.12666666666666668
Lone Mountain/USF,2002,0.16666666666666666
Lone Mountain/USF,2003,0.17333333333333334
Lone Mountain/USF,2004,0.24666666666666667
Lone Mountain/USF,2005,0.23333333333333334
Lone Mountain/USF,2006,0.37333333333333335
Lone Mountain/USF,2007,0.96
Lone Mountain/USF,2008,0.46
Lone Mountain/USF,2009,0.4
Lone Mountain/USF,2010,0.68
Lone Mountain/USF,2011,0.7466666666666667
Lone Mountain/USF,2012,1.0
Lone Mountain/USF,2013,0.9266666666666666
Lone Mountain/USF,2014,0.49333333333333335
Lone Mountain/USF,2015,0.7133333333333334
Marina,1968,0.45066666666666666
Marina,1969,0.013333333333333334
Marina,1970,0.018666666666666668
Marina,1971,0.013333333333333334
Marina,1972,0.0
Marina,1973,0.02666666666666667
Marina,1974,0.013333333333333334
Marina,1975,0.032
Marina,1976,0.032
Marina,1977,0.021333333333333333
Marina,1978,0.013333333333333334
Marina,1979,0.02666666666666667
Marina,1980,0.018666666666666668
Marina,1981,0.010666666666666666
Marina,1982,0.008
Marina,1983,0.0026666666666666666
Marina,1984,0.029333333333333333
Marina,1985,0.029333333333333333
Marina,1986,0.04533333333333334
Marina,1987,0.064
Marina,1988,0.09333333333333334
Marina,1989,0.09333333333333334
Marina,1990,0.024
Marina,1991,0.050666666666666665
Marina,1992,0.04
Marina,1993,0.07733333333333334
Marina,1994,0.05333333333333334
Marina,1995,0.14133333333333334
Marina,1996,0.096
Marina,1997,0.12533333333333332
Marina,1998,0.16533333333333333
Marina,1999,0.20533333333333334
Marina,2000,0.184
Marina,2001,0.17866666666666667
Marina,2002,0.21333333333333335
Marina,2003,0.21333333333333335
Marina,2004,0.296
Marina,2005,0.3333333333333333
Marina,2006,0.43466666666666665
Marina,2007,0.6826666666666666
Marina,2008,0.456
Marina,2009,0.5733333333333334
Marina,2010,0.6453333333333333
Marina,2011,0.8586666666666667
Marina,2012,0.8826666666666667
Marina,2013,1.0
Marina,2014,0.856
Marina,2015,0.5546666666666666
McLaren Park,1999,0.0
McLaren Park,2005,1.0
McLaren Park,2006,0.0
McLaren Park,2007,0.0
McLaren Park,2008,0.0
McLaren Park,2009,1.0
McLaren Park,2011,0.5
McLaren Park,2012,0.0
McLaren Park,2013,0.5
McLaren Park,2014,0.5
McLaren Park,2015,0.0
Mission,1968,0.14387755102040817
Mission,1969,0.006122448979591836
Mission,1970,0.003061224489795918
Mission,1971,0.00510204081632653
Mission,1972,0.01020408163265306
Mission,1973,0.013265306122448979
Mission,1974,0.0163265306122449
Mission,1975,0.014285714285714285
Mission,1976,0.013265306122448979
Mission,1977,0.015306122448979591
Mission,1978,0.026530612244897958
Mission,1979,0.00816326530612245
Mission,1980,0.004081632653061225
Mission,1981,0.0
Mission,1982,0.00510204081632653
Mission,1983,0.0163265306122449
Mission,1984,0.015306122448979591
Mission,1985,0.017346938775510204
Mission,1986,0.030612244897959183
Mission,1987,0.044897959183673466
Mission,1988,0.04693877551020408
Mission,1989,0.08571428571428572
Mission,1990,0.02959183673469388
Mission,1991,0.015306122448979591
Mission,1992,0.04285714285714286
Mission,1993,0.03775510204081633
Mission,1994,0.0673469387755102
Mission,1995,0.05714285714285714
Mission,1996,0.08877551020408163
Mission,1997,0.10102040816326531
Mission,1998,0.10102040816326531
Mission,1999,0.11326530612244898
Mission,2000,0.14795918367346939
Mission,2001,0.11734693877551021
Mission,2002,0.17448979591836736
Mission,2003,0.16122448979591836
Mission,2004,0.2193877551020408
Mission,2005,0.27448979591836736
Mission,2006,0.31326530612244896
Mission,2007,0.5469387755102041
Mission,2008,0.37142857142857144
Mission,2009,0.4448979591836735
Mission,2010,0.5959183673469388
Mission,2011,0.75
Mission,2012,0.8683673469387755
Mission,2013,1.0
Mission,2014,0.6979591836734694
Mission,2015,0.6030612244897959
Mission Bay,1968,0.037209302325581395
Mission Bay,1969,0.004651162790697674
Mission Bay,1970,0.004651162790697674
Mission Bay,1971,0.0
Mission Bay,1972,0.004651162790697674
Mission Bay,1973,0.004651162790697674
Mission Bay,1974,0.0
Mission Bay,1975,0.0
Mission Bay,1976,0.009302325581395349
Mission Bay,1977,0.0
Mission Bay,1978,0.0
Mission Bay,1979,0.004651162790697674
Mission Bay,1980,0.0
Mission Bay,1981,0.0
Mission Bay,1983,0.018604651162790697
Mission Bay,1984,0.009302325581395349
Mission Bay,1987,0.0
Mission Bay,1988,0.004651162790697674
Mission Bay,1989,0.0
Mission Bay,1990,0.009302325581395349
Mission Bay,1991,0.0
Mission Bay,1992,0.009302325581395349
Mission Bay,1993,0.004651162790697674
Mission Bay,1994,0.009302325581395349
Mission Bay,1995,0.023255813953488372
Mission Bay,1996,0.05116279069767442
Mission Bay,1997,0.037209302325581395
Mission Bay,1998,0.018604651162790697
Mission Bay,1999,0.06511627906976744
Mission Bay,2000,0.05581395348837209
Mission Bay,2001,0.08372093023255814
Mission Bay,2002,0.12558139534883722
Mission Bay,2003,0.11627906976744186
Mission Bay,2004,0.17209302325581396
Mission Bay,2005,0.20930232558139536
Mission Bay,2006,0.2186046511627907
Mission Bay,2007,0.3209302325581395
Mission Bay,2008,0.26046511627906976
Mission Bay,2009,0.40930232558139534
Mission Bay,2010,0.5348837209302325
Mission Bay,2011,0.6976744186046512
Mission Bay,2012,0.8
Mission Bay,2013,1.0
Mission Bay,2014,0.7534883720930232
Mission Bay,2015,0.3767441860465116
Nob Hill,1968,0.3423913043478261
Nob Hill,1969,0.010869565217391304
Nob Hill,1970,0.01358695652173913
Nob Hill,1971,0.01358695652173913
Nob Hill,1972,0.02717391304347826
Nob Hill,1973,0.024456521739130436
Nob Hill,1974,0.024456521739130436
Nob Hill,1975,0.021739130434782608
Nob Hill,1976,0.043478260869565216
Nob Hill,1977,0.035326086956521736
Nob Hill,1978,0.019021739130434784
Nob Hill,1979,0.016304347826086956
Nob Hill,1980,0.010869565217391304
Nob Hill,1981,0.019021739130434784
Nob Hill,1982,0.01358695652173913
Nob Hill,1983,0.021739130434782608
Nob Hill,1984,0.021739130434782608
Nob Hill,1985,0.0
Nob Hill,1986,0.04619565217391304
Nob Hill,1987,0.051630434782608696
Nob Hill,1988,0.07336956521739131
Nob Hill,1989,0.13858695652173914
Nob Hill,1990,0.019021739130434784
Nob Hill,1991,0.019021739130434784
Nob Hill,1992,0.04076086956521739
Nob Hill,1993,0.04076086956521739
Nob Hill,1994,0.051630434782608696
Nob Hill,1995,0.057065217391304345
Nob Hill,1996,0.11141304347826086
Nob Hill,1997,0.06521739130434782
Nob Hill,1998,0.10869565217391304
Nob Hill,1999,0.14673913043478262
Nob Hill,2000,0.11956521739130435
Nob Hill,2001,0.08967391304347826
Nob Hill,2002,0.16304347826086957
Nob Hill,2003,0.17391304347826086
Nob Hill,2004,0.1983695652173913
Nob Hill,2005,0.3233695652173913
Nob Hill,2006,0.2826086956521739
Nob Hill,2007,0.5869565217391305
Nob Hill,2008,0.375
Nob Hill,2009,0.3858695652173913
Nob Hill,2010,0.4945652173913043
Nob Hill,2011,0.7880434782608695
Nob Hill,2012,1.0
Nob Hill,2013,0.967391304347826
Nob Hill,2014,0.8288043478260869
Nob Hill,2015,0.4375
Noe Valley,1968,0.19480519480519481
Noe Valley,1969,0.021645021645021644
Noe Valley,1970,0.025974025974025976
Noe Valley,1971,0.008658008658008658
Noe Valley,1972,0.025974025974025976
Noe Valley,1973,0.04329004329004329
Noe Valley,1974,0.025974025974025976
Noe Valley,1975,0.030303030303030304
Noe Valley,1976,0.047619047619047616
Noe Valley,1977,0.04329004329004329
Noe Valley,1978,0.05194805194805195
Noe Valley,1979,0.017316017316017316
Noe Valley,1980,0.008658008658008658
Noe Valley,1981,0.021645021645021644
Noe Valley,1982,0.008658008658008658
Noe Valley,1983,0.0
Noe Valley,1984,0.008658008658008658
Noe Valley,1985,0.008658008658008658
Noe Valley,1986,0.021645021645021644
Noe Valley,1987,0.06060606060606061
Noe Valley,1988,0.021645021645021644
Noe Valley,1989,0.12121212121212122
Noe Valley,1990,0.03896103896103896
Noe Valley,1991,0.03463203463203463
Noe Valley,1992,0.03896103896103896
Noe Valley,1993,0.0735930735930736
Noe Valley,1994,0.047619047619047616
Noe Valley,1995,0.06926406926406926
Noe Valley,1996,0.11688311688311688
Noe Valley,1997,0.12987012987012986
Noe Valley,1998,0.2077922077922078
Noe Valley,1999,0.22943722943722944
Noe Valley,2000,0.2077922077922078
Noe Valley,2001,0.1774891774891775
Noe Valley,2002,0.2510822510822511
Noe Valley,2003,0.23809523809523808
Noe Valley,2004,0.29004329004329005
Noe Valley,2005,0.30303030303030304
Noe Valley,2006,0.3852813852813853
Noe Valley,2007,0.7445887445887446
Noe Valley,2008,0.4935064935064935
Noe Valley,2009,0.5627705627705628
Noe Valley,2010,0.7532467532467533
Noe Valley,2011,0.948051948051948
Noe Valley,2012,0.9913419913419913
Noe Valley,2013,0.9264069264069265
Noe Valley,2014,0.7619047619047619
Noe Valley,2015,1.0
North Beach,1968,0.3333333333333333
North Beach,1969,0.018315018315018316
North Beach,1970,0.007326007326007326
North Beach,1971,0.03296703296703297
North Beach,1972,0.01098901098901099
North Beach,1973,0.02197802197802198
North Beach,1974,0.02197802197802198
North Beach,1975,0.01098901098901099
North Beach,1976,0.018315018315018316
North Beach,1977,0.014652014652014652
North Beach,1978,0.018315018315018316
North Beach,1979,0.014652014652014652
North Beach,1980,0.007326007326007326
North Beach,1981,0.029304029304029304
North Beach,1982,0.0
North Beach,1983,0.01098901098901099
North Beach,1984,0.02564102564102564
North Beach,1985,0.02564102564102564
North Beach,1986,0.02564102564102564
North Beach,1987,0.05128205128205128
North Beach,1988,0.06227106227106227
North Beach,1989,0.06227106227106227
North Beach,1990,0.029304029304029304
North Beach,1991,0.05128205128205128
North Beach,1992,0.0695970695970696
North Beach,1993,0.04395604395604396
North Beach,1994,0.054945054945054944
North Beach,1995,0.047619047619047616
North Beach,1996,0.0989010989010989
North Beach,1997,0.05860805860805861
North Beach,1998,0.1391941391941392
North Beach,1999,0.12087912087912088
North Beach,2000,0.12087912087912088
North Beach,2001,0.18315018315018314
North Beach,2002,0.21978021978021978
North Beach,2003,0.304029304029304
North Beach,2004,0.3076923076923077
North Beach,2005,0.315018315018315
North Beach,2006,0.25274725274725274
North Beach,2007,0.6446886446886447
North Beach,2008,0.34798534798534797
North Beach,2009,0.4065934065934066
North Beach,2010,0.5384615384615384
North Beach,2011,0.6666666666666666
North Beach,2012,0.7509157509157509
North Beach,2013,1.0
North Beach,2014,0.9816849816849816
North Beach,2015,0.48717948717948717
Oceanview/Merced/Ingleside,1968,0.025157232704402517
Oceanview/Merced/Ingleside,1972,0.006289308176100629
Oceanview/Merced/Ingleside,1976,0.012578616352201259
Oceanview/Merced/Ingleside,1977,0.0
Oceanview/Merced/Ingleside,1978,0.006289308176100629
Oceanview/Merced/Ingleside,1980,0.006289308176100629
Oceanview/Merced/Ingleside,1982,0.006289308176100629
Oceanview/Merced/Ingleside,1984,0.006289308176100629
Oceanview/Merced/Ingleside,1987,0.025157232704402517
Oceanview/Merced/Ingleside,1988,0.025157232704402517
Oceanview/Merced/Ingleside,1989,0.06289308176100629
Oceanview/Merced/Ingleside,1990,0.0
Oceanview/Merced/Ingleside,1991,0.05660377358490566
Oceanview/Merced/Ingleside,1992,0.0440251572327044
Oceanview/Merced/Ingleside,1993,0.012578616352201259
Oceanview/Merced/Ingleside,1994,0.06918238993710692
Oceanview/Merced/Ingleside,1995,0.1069182389937107
Oceanview/Merced/Ingleside,1996,0.07547169811320754
Oceanview/Merced/Ingleside,1997,0.09433962264150944
Oceanview/Merced/Ingleside,1998,0.12578616352201258
Oceanview/Merced/Ingleside,1999,0.0880503144654088
Oceanview/Merced/Ingleside,2000,0.05660377358490566
Oceanview/Merced/Ingleside,2001,0.18238993710691823
Oceanview/Merced/Ingleside,2002,0.1509433962264151
Oceanview/Merced/Ingleside,2003,0.18867924528301888
Oceanview/Merced/Ingleside,2004,0.3018867924528302
Oceanview/Merced/Ingleside,2005,0.33962264150943394
Oceanview/Merced/Ingleside,2006,0.3081761006289308
Oceanview/Merced/Ingleside,2007,0.710691823899371
Oceanview/Merced/Ingleside,2008,0.46540880503144655
Oceanview/Merced/Ingleside,2009,0.4591194968553459
Oceanview/Merced/Ingleside,2010,0.5723270440251572
Oceanview/Merced/Ingleside,2011,0.7924528301886793
Oceanview/Merced/Ingleside,2012,0.7924528301886793
Oceanview/Merced/Ingleside,2013,1.0
Oceanview/Merced/Ingleside,2014,0.8742138364779874
Oceanview/Merced/Ingleside,2015,0.5723270440251572
Outer Mission,1968,0.145985401459854
Outer Mission,1969,0.051094890510948905
Outer Mission,1970,0.0
Outer Mission,1971,0.014598540145985401
Outer Mission,1972,0.021897810218978103
Outer Mission,1973,0.014598540145985401
Outer Mission,1975,0.021897810218978103
Outer Mission,1976,0.014598540145985401
Outer Mission,1977,0.0364963503649635
Outer Mission,1978,0.0072992700729927005
Outer Mission,1979,0.0
Outer Mission,1980,0.021897810218978103
Outer Mission,1981,0.0
Outer Mission,1982,0.0
Outer Mission,1983,0.0
Outer Mission,1984,0.021897810218978103
Outer Mission,1985,0.0364963503649635
Outer Mission,1986,0.029197080291970802
Outer Mission,1987,0.051094890510948905
Outer Mission,1988,0.058394160583941604
Outer Mission,1989,0.072992700729927
Outer Mission,1990,0.014598540145985401
Outer Mission,1991,0.043795620437956206
Outer Mission,1992,0.051094890510948905
Outer Mission,1993,0.0364963503649635
Outer Mission,1994,0.058394160583941604
Outer Mission,1995,0.051094890510948905
Outer Mission,1996,0.08759124087591241
Outer Mission,1997,0.12408759124087591
Outer Mission,1998,0.10948905109489052
Outer Mission,1999,0.13138686131386862
Outer Mission,2000,0.17518248175182483
Outer Mission,2001,0.2116788321167883
Outer Mission,2002,0.1897810218978102
Outer Mission,2003,0.2116788321167883
Outer Mission,2004,0.3795620437956204
Outer Mission,2005,0.27007299270072993
Outer Mission,2006,0.31386861313868614
Outer Mission,2007,0.8248175182481752
Outer Mission,2008,0.5036496350364964
Outer Mission,2009,0.4233576642335766
Outer Mission,2010,0.6131386861313869
Outer Mission,2011,0.8248175182481752
Outer Mission,2012,0.9781021897810219
Outer Mission,2013,1.0
Outer Mission,2014,0.781021897810219
Outer Mission,2015,0.9343065693430657
Outer Richmond,1968,0.3526315789473684
Outer Richmond,1969,0.015789473684210527
Outer Richmond,1970,0.0
Outer Richmond,1971,0.031578947368421054
Outer Richmond,1972,0.06842105263157895
Outer Richmond,1973,0.02894736842105263
Outer Richmond,1974,0.042105263157894736
Outer Richmond,1975,0.031578947368421054
Outer Richmond,1976,0.04473684210526316
Outer Richmond,1977,0.031578947368421054
Outer Richmond,1978,0.007894736842105263
Outer Richmond,1979,0.018421052631578946
Outer Richmond,1980,0.010526315789473684
Outer Richmond,1981,0.002631578947368421
Outer Richmond,1982,0.005263157894736842
Outer Richmond,1983,0.0
Outer Richmond,1984,0.010526315789473684
Outer Richmond,1985,0.0
Outer Richmond,1986,0.013157894736842105
Outer Richmond,1987,0.07105263157894737
Outer Richmond,1988,0.06578947368421052
Outer Richmond,1989,0.06578947368421052
Outer Richmond,1990,0.031578947368421054
Outer Richmond,1991,0.02631578947368421
Outer Richmond,1992,0.02894736842105263
Outer Richmond,1993,0.05263157894736842
Outer Richmond,1994,0.06315789473684211
Outer Richmond,1995,0.06578947368421052
Outer Richmond,1996,0.12105263157894737
Outer Richmond,1997,0.10789473684210527
Outer Richmond,1998,0.15789473684210525
Outer Richmond,1999,0.14736842105263157
Outer Richmond,2000,0.19473684210526315
Outer Richmond,2001,0.17105263157894737
Outer Richmond,2002,0.1736842105263158
Outer Richmond,2003,0.2131578947368421
Outer Richmond,2004,0.26842105263157895
Outer Richmond,2005,0.26842105263157895
Outer Richmond,2006,0.4631578947368421
Outer Richmond,2007,1.0
Outer Richmond,2008,0.4789473684210526
Outer Richmond,2009,0.5157894736842106
Outer Richmond,2010,0.5921052631578947
Outer Richmond,2011,0.6947368421052632
Outer Richmond,2012,0.9657894736842105
Outer Richmond,2013,0.9973684210526316
Outer Richmond,2014,0.8342105263157895
Outer Richmond,2015,0.6447368421052632
Pacific Heights,1968,0.24367088607594936
Pacific Heights,1969,0.00949367088607595
Pacific Heights,1970,0.0031645569620253164
Pacific Heights,1971,0.022151898734177215
Pacific Heights,1972,0.006329113924050633
Pacific Heights,1973,0.015822784810126583
Pacific Heights,1974,0.0189873417721519
Pacific Heights,1975,0.0189873417721519
Pacific Heights,1976,0.06329113924050633
Pacific Heights,1977,0.0189873417721519
Pacific Heights,1978,0.04430379746835443
Pacific Heights,1979,0.015822784810126583
Pacific Heights,1980,0.012658227848101266
Pacific Heights,1981,0.006329113924050633
Pacific Heights,1982,0.0
Pacific Heights,1983,0.0
Pacific Heights,1984,0.0
Pacific Heights,1985,0.006329113924050633
Pacific Heights,1986,0.028481012658227847
Pacific Heights,1987,0.03481012658227848
Pacific Heights,1988,0.08227848101265822
Pacific Heights,1989,0.12658227848101267
Pacific Heights,1990,0.03164556962025317
Pacific Heights,1991,0.07278481012658228
Pacific Heights,1992,0.04430379746835443
Pacific Heights,1993,0.04430379746835443
Pacific Heights,1994,0.10759493670886076
Pacific Heights,1995,0.12974683544303797
Pacific Heights,1996,0.10443037974683544
Pacific Heights,1997,0.0949367088607595
Pacific Heights,1998,0.17088607594936708
Pacific Heights,1999,0.16455696202531644
Pacific Heights,2000,0.20569620253164558
Pacific Heights,2001,0.20253164556962025
Pacific Heights,2002,0.19936708860759494
Pacific Heights,2003,0.25949367088607594
Pacific Heights,2004,0.29430379746835444
Pacific Heights,2005,0.2689873417721519
Pacific Heights,2006,0.35443037974683544
Pacific Heights,2007,0.45569620253164556
Pacific Heights,2008,0.44936708860759494
Pacific Heights,2009,0.4936708860759494
Pacific Heights,2010,0.6360759493670886
Pacific Heights,2011,0.8734177215189873
Pacific Heights,2012,0.7784810126582279
Pacific Heights,2013,1.0
Pacific Heights,2014,0.6867088607594937
Pacific Heights,2015,0.5348101265822784
Portola,1968,0.03614457831325301
Portola,1972,0.0
Portola,1973,0.012048192771084338
Portola,1975,0.0
Portola,1976,0.024096385542168676
Portola,1977,0.04819277108433735
Portola,1978,0.0
Portola,1981,0.0
Portola,1983,0.0
Portola,1984,0.024096385542168676
Portola,1985,0.0
Portola,1986,0.012048192771084338
Portola,1987,0.012048192771084338
Portola,1988,0.024096385542168676
Portola,1989,0.024096385542168676
Portola,1990,0.012048192771084338
Portola,1991,0.024096385542168676
Portola,1993,0.12048192771084337
Portola,1994,0.024096385542168676
Portola,1995,0.08433734939759036
Portola,1996,0.0963855421686747
Portola,1997,0.1686746987951807
Portola,1998,0.08433734939759036
Portola,1999,0.2289156626506024
Portola,2000,0.13253012048192772
Portola,2001,0.18072289156626506
Portola,2002,0.18072289156626506
Portola,2003,0.21686746987951808
Portola,2004,0.3132530120481928
Portola,2005,0.3614457831325301
Portola,2006,0.3855421686746988
Portola,2007,0.8433734939759037
Portola,2008,0.4578313253012048
Portola,2009,0.5783132530120482
Portola,2010,0.6265060240963856
Portola,2011,0.6265060240963856
Portola,2012,0.9397590361445783
Portola,2013,0.9156626506024096
Portola,2014,1.0
Portola,2015,0.7590361445783133
Potrero Hill,1968,0.12131147540983607
Potrero Hill,1969,0.003278688524590164
Potrero Hill,1970,0.0
Potrero Hill,1971,0.0
Potrero Hill,1972,0.006557377049180328
Potrero Hill,1973,0.022950819672131147
Potrero Hill,1974,0.009836065573770493
Potrero Hill,1975,0.013114754098360656
Potrero Hill,1976,0.009836065573770493
Potrero Hill,1977,0.009836065573770493
Potrero Hill,1978,0.003278688524590164
Potrero Hill,1979,0.0
Potrero Hill,1980,0.003278688524590164
Potrero Hill,1981,0.006557377049180328
Potrero Hill,1982,0.013114754098360656
Potrero Hill,1983,0.003278688524590164
Potrero Hill,1984,0.013114754098360656
Potrero Hill,1985,0.01639344262295082
Potrero Hill,1986,0.022950819672131147
Potrero Hill,1987,0.01639344262295082
Potrero Hill,1988,0.01639344262295082
Potrero Hill,1989,0.06557377049180328
Potrero Hill,1990,0.022950819672131147
Potrero Hill,1991,0.01639344262295082
Potrero Hill,1992,0.019672131147540985
Potrero Hill,1993,0.019672131147540985
Potrero Hill,1994,0.02622950819672131
Potrero Hill,1995,0.04918032786885246
Potrero Hill,1996,0.04262295081967213
Potrero Hill,1997,0.06557377049180328
Potrero Hill,1998,0.06229508196721312
Potrero Hill,1999,0.12131147540983607
Potrero Hill,2000,0.14426229508196722
Potrero Hill,2001,0.14098360655737704
Potrero Hill,2002,0.16065573770491803
Potrero Hill,2003,0.25573770491803277
Potrero Hill,2004,0.21639344262295082
Potrero Hill,2005,0.25573770491803277
Potrero Hill,2006,0.28852459016393445
Potrero Hill,2007,0.5049180327868853
Potrero Hill,2008,0.46229508196721314
Potrero Hill,2009,0.49836065573770494
Potrero Hill,2010,0.5573770491803278
Potrero Hill,2011,0.7147540983606557
Potrero Hill,2012,0.8786885245901639
Potrero Hill,2013,1.0
Potrero Hill,2014,0.8262295081967214
Potrero Hill,2015,0.7311475409836066
Presidio,1976,0.0
Presidio,1986,0.0
Presidio,1988,0.0
Presidio,1989,0.0
Presidio,1990,0.0
Presidio,1996,0.0
Presidio,1997,0.038461538461538464
Presidio,2000,0.038461538461538464
Presidio,2001,0.057692307692307696
Presidio,2002,0.038461538461538464
Presidio,2003,0.17307692307692307
Presidio,2004,0.11538461538461539
Presidio,2005,0.15384615384615385
Presidio,2006,0.17307692307692307
Presidio,2007,0.09615384615384616
Presidio,2008,0.21153846153846154
Presidio,2009,0.2692307692307692
Presidio,2010,0.5
Presidio,2011,0.7307692307692307
Presidio,2012,0.75
Presidio,2013,0.6346153846153846
Presidio,2014,1.0
Presidio,2015,0.8653846153846154
Presidio Heights,1968,0.2967741935483871
Presidio Heights,1969,0.012903225806451613
Presidio Heights,1970,0.0
Presidio Heights,1971,0.04516129032258064
Presidio Heights,1972,0.03225806451612903
Presidio Heights,1973,0.03870967741935484
Presidio Heights,1974,0.025806451612903226
Presidio Heights,1975,0.03870967741935484
Presidio Heights,1976,0.03870967741935484
Presidio Heights,1977,0.0064516129032258064
Presidio Heights,1978,0.012903225806451613
Presidio Heights,1979,0.04516129032258064
Presidio Heights,1980,0.01935483870967742
Presidio Heights,1981,0.03225806451612903
Presidio Heights,1982,0.0064516129032258064
Presidio Heights,1983,0.0
Presidio Heights,1984,0.01935483870967742
Presidio Heights,1985,0.025806451612903226
Presidio Heights,1986,0.0064516129032258064
Presidio Heights,1987,0.05161290322580645
Presidio Heights,1988,0.05161290322580645
Presidio Heights,1989,0.12903225806451613
Presidio Heights,1990,0.025806451612903226
Presidio Heights,1991,0.04516129032258064
Presidio Heights,1992,0.03225806451612903
Presidio Heights,1993,0.07096774193548387
Presidio Heights,1994,0.1032258064516129
Presidio Heights,1995,0.23225806451612904
Presidio Heights,1996,0.13548387096774195
Presidio Heights,1997,0.1870967741935484
Presidio Heights,1998,0.25161290322580643
Presidio Heights,1999,0.25161290322580643
Presidio Heights,2000,0.2903225806451613
Presidio Heights,2001,0.16774193548387098
Presidio Heights,2002,0.27741935483870966
Presidio Heights,2003,0.2967741935483871
Presidio Heights,2004,0.3032258064516129
Presidio Heights,2005,0.49032258064516127
Presidio Heights,2006,0.4064516129032258
Presidio Heights,2007,0.7935483870967742
Presidio Heights,2008,0.45806451612903226
Presidio Heights,2009,0.47096774193548385
Presidio Heights,2010,0.7032258064516129
Presidio Heights,2011,0.8387096774193549
Presidio Heights,2012,0.8709677419354839
Presidio Heights,2013,1.0
Presidio Heights,2014,0.7935483870967742
Presidio Heights,2015,0.5161290322580645
Russian Hill,1968,0.5625
Russian Hill,1969,0.041666666666666664
Russian Hill,1970,0.04583333333333333
Russian Hill,1971,0.0
Russian Hill,1972,0.0625
Russian Hill,1973,0.025
Russian Hill,1974,0.0125
Russian Hill,1975,0.025
Russian Hill,1976,0.020833333333333332
Russian Hill,1977,0.008333333333333333
Russian Hill,1978,0.0125
Russian Hill,1979,0.004166666666666667
Russian Hill,1980,0.0
Russian Hill,1981,0.025
Russian Hill,1982,0.025
Russian Hill,1983,0.008333333333333333
Russian Hill,1984,0.004166666666666667
Russian Hill,1985,0.020833333333333332
Russian Hill,1986,0.058333333333333334
Russian Hill,1987,0.075
Russian Hill,1988,0.058333333333333334
Russian Hill,1989,0.10833333333333334
Russian Hill,1990,0.03333333333333333
Russian Hill,1991,0.05416666666666667
Russian Hill,1992,0.020833333333333332
Russian Hill,1993,0.07083333333333333
Russian Hill,1994,0.058333333333333334
Russian Hill,1995,0.10416666666666667
Russian Hill,1996,0.1
Russian Hill,1997,0.0875
Russian Hill,1998,0.14166666666666666
Russian Hill,1999,0.14583333333333334
Russian Hill,2000,0.1625
Russian Hill,2001,0.19583333333333333
Russian Hill,2002,0.19583333333333333
Russian Hill,2003,0.18333333333333332
Russian Hill,2004,0.2708333333333333
Russian Hill,2005,0.2791666666666667
Russian Hill,2006,0.2875
Russian Hill,2007,0.5833333333333334
Russian Hill,2008,0.4875
Russian Hill,2009,0.4791666666666667
Russian Hill,2010,0.5041666666666667
Russian Hill,2011,0.7791666666666667
Russian Hill,2012,0.825
Russian Hill,2013,0.925
Russian Hill,2014,1.0
Russian Hill,2015,0.5458333333333333
Seacliff,1968,0.3125
Seacliff,1971,0.0
Seacliff,1974,0.0
Seacliff,1978,0.0
Seacliff,1979,0.0
Seacliff,1980,0.0
Seacliff,1981,0.0
Seacliff,1982,0.0
Seacliff,1983,0.0
Seacliff,1987,0.0625
Seacliff,1989,0.0625
Seacliff,1990,0.0
Seacliff,1991,0.0
Seacliff,1992,0.0
Seacliff,1993,0.0
Seacliff,1996,0.125
Seacliff,1997,0.0
Seacliff,1998,0.0625
Seacliff,1999,0.0625
Seacliff,2000,0.1875
Seacliff,2001,0.25
Seacliff,2002,0.125
Seacliff,2003,0.1875
Seacliff,2004,0.1875
Seacliff,2005,0.375
Seacliff,2006,0.375
Seacliff,2007,0.5
Seacliff,2008,0.3125
Seacliff,2009,0.3125
Seacliff,2010,0.625
Seacliff,2011,0.75
Seacliff,2012,0.3125
Seacliff,2013,0.625
Seacliff,2014,0.625
Seacliff,2015,1.0
SoMA,1968,0.11538461538461539
SoMA,1969,0.002652519893899204
SoMA,1970,0.005305039787798408
SoMA,1971,0.001326259946949602
SoMA,1972,0.003978779840848806
SoMA,1973,0.0
SoMA,1974,0.006631299734748011
SoMA,1975,0.005305039787798408
SoMA,1976,0.006631299734748011
SoMA,1977,0.021220159151193633
SoMA,1978,0.013262599469496022
SoMA,1979,0.002652519893899204
SoMA,1980,0.010610079575596816
SoMA,1981,0.005305039787798408
SoMA,1982,0.005305039787798408
SoMA,1983,0.009283819628647215
SoMA,1984,0.013262599469496022
SoMA,1985,0.005305039787798408
SoMA,1986,0.021220159151193633
SoMA,1987,0.01856763925729443
SoMA,1988,0.042440318302387266
SoMA,1989,0.03183023872679045
SoMA,1990,0.010610079575596816
SoMA,1991,0.022546419098143235
SoMA,1992,0.023872679045092837
SoMA,1993,0.03183023872679045
SoMA,1994,0.04376657824933687
SoMA,1995,0.025198938992042442
SoMA,1996,0.05172413793103448
SoMA,1997,0.07161803713527852
SoMA,1998,0.07294429708222812
SoMA,1999,0.09681697612732096
SoMA,2000,0.123342175066313
SoMA,2001,0.11140583554376658
SoMA,2002,0.15649867374005305
SoMA,2003,0.14588859416445624
SoMA,2004,0.21220159151193635
SoMA,2005,0.22413793103448276
SoMA,2006,0.3209549071618037
SoMA,2007,0.2984084880636605
SoMA,2008,0.383289124668435
SoMA,2009,0.4389920424403183
SoMA,2010,0.5676392572944297
SoMA,2011,0.7400530503978779
SoMA,2012,0.8541114058355438
SoMA,2013,1.0
SoMA,2014,0.8103448275862069
SoMA,2015,0.5305039787798409
Sunset/Parkside,1968,0.1486725663716814
Sunset/Parkside,1969,0.0
Sunset/Parkside,1970,0.005309734513274336
Sunset/Parkside,1971,0.01592920353982301
Sunset/Parkside,1972,0.012389380530973451
Sunset/Parkside,1973,0.010619469026548672
Sunset/Parkside,1974,0.012389380530973451
Sunset/Parkside,1975,0.03185840707964602
Sunset/Parkside,1976,0.02831858407079646
Sunset/Parkside,1977,0.008849557522123894
Sunset/Parkside,1978,0.0
Sunset/Parkside,1979,0.012389380530973451
Sunset/Parkside,1980,0.0
Sunset/Parkside,1981,0.007079646017699115
Sunset/Parkside,1982,0.012389380530973451
Sunset/Parkside,1983,0.010619469026548672
Sunset/Parkside,1984,0.017699115044247787
Sunset/Parkside,1985,0.01592920353982301
Sunset/Parkside,1986,0.024778761061946902
Sunset/Parkside,1987,0.033628318584070796
Sunset/Parkside,1988,0.07079646017699115
Sunset/Parkside,1989,0.05663716814159292
Sunset/Parkside,1990,0.047787610619469026
Sunset/Parkside,1991,0.02831858407079646
Sunset/Parkside,1992,0.035398230088495575
Sunset/Parkside,1993,0.05663716814159292
Sunset/Parkside,1994,0.07256637168141593
Sunset/Parkside,1995,0.07256637168141593
Sunset/Parkside,1996,0.08672566371681416
Sunset/Parkside,1997,0.1433628318584071
Sunset/Parkside,1998,0.1256637168141593
Sunset/Parkside,1999,0.21061946902654868
Sunset/Parkside,2000,0.1486725663716814
Sunset/Parkside,2001,0.18230088495575222
Sunset/Parkside,2002,0.215929203539823
Sunset/Parkside,2003,0.2672566371681416
Sunset/Parkside,2004,0.2814159292035398
Sunset/Parkside,2005,0.3380530973451327
Sunset/Parkside,2006,0.3787610619469027
Sunset/Parkside,2007,0.911504424778761
Sunset/Parkside,2008,0.552212389380531
Sunset/Parkside,2009,0.511504424778761
Sunset/Parkside,2010,0.5557522123893806
Sunset/Parkside,2011,0.815929203539823
Sunset/Parkside,2012,0.8513274336283185
Sunset/Parkside,2013,1.0
Sunset/Parkside,2014,0.7929203539823009
Sunset/Parkside,2015,0.7292035398230089
Tenderloin,1968,0.12466124661246612
Tenderloin,1969,0.016260162601626018
Tenderloin,1970,0.0027100271002710027
Tenderloin,1971,0.0027100271002710027
Tenderloin,1972,0.008130081300813009
Tenderloin,1973,0.0027100271002710027
Tenderloin,1974,0.01084010840108401
Tenderloin,1975,0.008130081300813009
Tenderloin,1976,0.01084010840108401
Tenderloin,1977,0.01084010840108401
Tenderloin,1978,0.01084010840108401
Tenderloin,1979,0.024390243902439025
Tenderloin,1980,0.0
Tenderloin,1981,0.032520325203252036
Tenderloin,1982,0.008130081300813009
Tenderloin,1983,0.0
Tenderloin,1984,0.01084010840108401
Tenderloin,1985,0.032520325203252036
Tenderloin,1986,0.02710027100271003
Tenderloin,1987,0.04878048780487805
Tenderloin,1988,0.037940379403794036
Tenderloin,1989,0.032520325203252036
Tenderloin,1990,0.02710027100271003
Tenderloin,1991,0.032520325203252036
Tenderloin,1992,0.013550135501355014
Tenderloin,1993,0.02710027100271003
Tenderloin,1994,0.051490514905149054
Tenderloin,1995,0.04065040650406504
Tenderloin,1996,0.051490514905149054
Tenderloin,1997,0.08943089430894309
Tenderloin,1998,0.10840108401084012
Tenderloin,1999,0.13550135501355012
Tenderloin,2000,0.13008130081300814
Tenderloin,2001,0.12737127371273713
Tenderloin,2002,0.15718157181571815
Tenderloin,2003,0.16802168021680217
Tenderloin,2004,0.23848238482384823
Tenderloin,2005,0.3008130081300813
Tenderloin,2006,0.34146341463414637
Tenderloin,2007,0.4010840108401084
Tenderloin,2008,0.3252032520325203
Tenderloin,2009,0.4742547425474255
Tenderloin,2010,0.3821138211382114
Tenderloin,2011,0.8021680216802168
Tenderloin,2012,0.978319783197832
Tenderloin,2013,1.0
Tenderloin,2014,0.8102981029810298
Tenderloin,2015,0.44986449864498645
Treasure Island,1999,0.015151515151515152
Treasure Island,2001,0.0
Treasure Island,2003,0.045454545454545456
Treasure Island,2004,0.045454545454545456
Treasure Island,2005,0.0
Treasure Island,2006,0.030303030303030304
Treasure Island,2007,0.045454545454545456
Treasure Island,2008,0.12121212121212122
Treasure Island,2009,0.21212121212121213
Treasure Island,2010,0.2727272727272727
Treasure Island,2011,0.5
Treasure Island,2012,1.0
Treasure Island,2013,0.3181818181818182
Treasure Island,2014,0.36363636363636365
Treasure Island,2015,0.24242424242424243
Twin Peaks,1968,0.2857142857142857
Twin Peaks,1969,0.02040816326530612
Twin Peaks,1973,0.08163265306122448
Twin Peaks,1975,0.04081632653061224
Twin Peaks,1976,0.061224489795918366
Twin Peaks,1977,0.02040816326530612
Twin Peaks,1978,0.0
Twin Peaks,1979,0.02040816326530612
Twin Peaks,1980,0.02040816326530612
Twin Peaks,1981,0.0
Twin Peaks,1982,0.0
Twin Peaks,1983,0.0
Twin Peaks,1984,0.061224489795918366
Twin Peaks,1986,0.0
Twin Peaks,1987,0.061224489795918366
Twin Peaks,1988,0.10204081632653061
Twin Peaks,1989,0.16326530612244897
Twin Peaks,1990,0.08163265306122448
Twin Peaks,1991,0.061224489795918366
Twin Peaks,1992,0.0
Twin Peaks,1993,0.10204081632653061
Twin Peaks,1994,0.0
Twin Peaks,1995,0.10204081632653061
Twin Peaks,1996,0.14285714285714285
Twin Peaks,1997,0.10204081632653061
Twin Peaks,1998,0.12244897959183673
Twin Peaks,1999,0.16326530612244897
Twin Peaks,2000,0.16326530612244897
Twin Peaks,2001,0.12244897959183673
Twin Peaks,2002,0.20408163265306123
Twin Peaks,2003,0.14285714285714285
Twin Peaks,2004,0.22448979591836735
Twin Peaks,2005,0.24489795918367346
Twin Peaks,2006,0.32653061224489793
Twin Peaks,2007,0.6938775510204082
Twin Peaks,2008,0.4897959183673469
Twin Peaks,2009,0.7959183673469388
Twin Peaks,2010,0.6122448979591837
Twin Peaks,2011,0.673469387755102
Twin Peaks,2012,0.7142857142857143
Twin Peaks,2013,0.7551020408163265
Twin Peaks,2014,0.8367346938775511
Twin Peaks,2015,1.0
Visitacion Valley,1968,0.0
Visitacion Valley,1972,0.010309278350515464
Visitacion Valley,1975,0.0
Visitacion Valley,1976,0.020618556701030927
Visitacion Valley,1977,0.0
Visitacion Valley,1979,0.010309278350515464
Visitacion Valley,1980,0.0
Visitacion Valley,1984,0.010309278350515464
Visitacion Valley,1986,0.0
Visitacion Valley,1987,0.010309278350515464
Visitacion Valley,1988,0.010309278350515464
Visitacion Valley,1989,0.010309278350515464
Visitacion Valley,1990,0.0
Visitacion Valley,1991,0.010309278350515464
Visitacion Valley,1992,0.05154639175257732
Visitacion Valley,1993,0.05154639175257732
Visitacion Valley,1994,0.041237113402061855
Visitacion Valley,1995,0.0
Visitacion Valley,1996,0.041237113402061855
Visitacion Valley,1997,0.07216494845360824
Visitacion Valley,1998,0.061855670103092786
Visitacion Valley,1999,0.10309278350515463
Visitacion Valley,2000,0.061855670103092786
Visitacion Valley,2001,0.13402061855670103
Visitacion Valley,2002,0.05154639175257732
Visitacion Valley,2003,0.16494845360824742
Visitacion Valley,2004,0.17525773195876287
Visitacion Valley,2005,0.26804123711340205
Visitacion Valley,2006,0.28865979381443296
Visitacion Valley,2007,1.0
Visitacion Valley,2008,0.25773195876288657
Visitacion Valley,2009,0.3711340206185567
Visitacion Valley,2010,0.41237113402061853
Visitacion Valley,2011,0.5051546391752577
Visitacion Valley,2012,0.7010309278350515
Visitacion Valley,2013,0.7628865979381443
Visitacion Valley,2014,0.8969072164948454
Visitacion Valley,2015,0.4948453608247423
West of Twin Peaks,1968,0.1414790996784566
West of Twin Peaks,1969,0.01929260450160772
West of Twin Peaks,1970,0.00964630225080386
West of Twin Peaks,1971,0.0
West of Twin Peaks,1972,0.00964630225080386
West of Twin Peaks,1973,0.012861736334405145
West of Twin Peaks,1974,0.012861736334405145
West of Twin Peaks,1975,0.00964630225080386
West of Twin Peaks,1976,0.01929260450160772
West of Twin Peaks,1977,0.022508038585209004
West of Twin Peaks,1978,0.012861736334405145
West of Twin Peaks,1979,0.02572347266881029
West of Twin Peaks,1980,0.01607717041800643
West of Twin Peaks,1981,0.01929260450160772
West of Twin Peaks,1982,0.01607717041800643
West of Twin Peaks,1983,0.012861736334405145
West of Twin Peaks,1984,0.006430868167202572
West of Twin Peaks,1985,0.03536977491961415
West of Twin Peaks,1986,0.02572347266881029
West of Twin Peaks,1987,0.04501607717041801
West of Twin Peaks,1988,0.05144694533762058
West of Twin Peaks,1989,0.09003215434083602
West of Twin Peaks,1990,0.02572347266881029
West of Twin Peaks,1991,0.04180064308681672
West of Twin Peaks,1992,0.05787781350482315
West of Twin Peaks,1993,0.05787781350482315
West of Twin Peaks,1994,0.06752411575562701
West of Twin Peaks,1995,0.10932475884244373
West of Twin Peaks,1996,0.14469453376205788
West of Twin Peaks,1997,0.19292604501607716
West of Twin Peaks,1998,0.1639871382636656
West of Twin Peaks,1999,0.2057877813504823
West of Twin Peaks,2000,0.2379421221864952
West of Twin Peaks,2001,0.27009646302250806
West of Twin Peaks,2002,0.26366559485530544
West of Twin Peaks,2003,0.29260450160771706
West of Twin Peaks,2004,0.33440514469453375
West of Twin Peaks,2005,0.4437299035369775
West of Twin Peaks,2006,0.5819935691318328
West of Twin Peaks,2007,0.7877813504823151
West of Twin Peaks,2008,0.5498392282958199
West of Twin Peaks,2009,0.5852090032154341
West of Twin Peaks,2010,0.6527331189710611
West of Twin Peaks,2011,0.8585209003215434
West of Twin Peaks,2012,0.9710610932475884
West of Twin Peaks,2013,1.0
West of Twin Peaks,2014,0.8070739549839229
West of Twin Peaks,2015,0.819935691318328
Western Addition,1968,0.09905660377358491
Western Addition,1969,0.0047169811320754715
Western Addition,1970,0.018867924528301886
Western Addition,1971,0.0
Western Addition,1972,0.0
Western Addition,1973,0.009433962264150943
Western Addition,1974,0.0047169811320754715
Western Addition,1975,0.0047169811320754715
Western Addition,1976,0.0330188679245283
Western Addition,1977,0.0047169811320754715
Western Addition,1978,0.018867924528301886
Western Addition,1979,0.0047169811320754715
Western Addition,1980,0.009433962264150943
Western Addition,1981,0.0047169811320754715
Western Addition,1982,0.018867924528301886
Western Addition,1983,0.009433962264150943
Western Addition,1984,0.009433962264150943
Western Addition,1985,0.009433962264150943
Western Addition,1986,0.02358490566037736
Western Addition,1987,0.02358490566037736
Western Addition,1988,0.07547169811320754
Western Addition,1989,0.06132075471698113
Western Addition,1990,0.04716981132075472
Western Addition,1991,0.0330188679245283
Western Addition,1992,0.018867924528301886
Western Addition,1993,0.04245283018867924
Western Addition,1994,0.02358490566037736
Western Addition,1995,0.09905660377358491
Western Addition,1996,0.08490566037735849
Western Addition,1997,0.1179245283018868
Western Addition,1998,0.1179245283018868
Western Addition,1999,0.15566037735849056
Western Addition,2000,0.15566037735849056
Western Addition,2001,0.15566037735849056
Western Addition,2002,0.1792452830188679
Western Addition,2003,0.21226415094339623
Western Addition,2004,0.20754716981132076
Western Addition,2005,0.20754716981132076
Western Addition,2006,0.37264150943396224
Western Addition,2007,0.6650943396226415
Western Addition,2008,0.45754716981132076
Western Addition,2009,0.5613207547169812
Western Addition,2010,0.5990566037735849
Western Addition,2011,0.7783018867924528
Western Addition,2012,0.9292452830188679
Western Addition,2013,1.0
Western Addition,2014,0.8867924528301887
Western Addition,2015,0.7169811320754716
